trial,controller,choice_stage1,state_stage2,transition,reward,reward_prob
1,model-free,0,0,common,0,0.6342238375982849
2,model-based,0,0,common,1,0.6587480332672483
3,model-based,0,0,common,1,0.6365246395948156
4,model-free,0,0,common,0,0.6185893891804572
5,model-free,0,0,common,0,0.6255325279464926
6,model-based,1,1,common,1,0.75
7,model-free,0,0,common,1,0.5601511476418461
8,model-based,0,0,common,0,0.5540886942940946
9,model-based,0,0,common,0,0.47550708969832745
10,model-based,0,0,common,1,0.4762761052484479
11,model-based,0,1,rare,1,0.6624875063614374
12,model-based,1,1,common,1,0.6360215382727396
13,model-based,1,1,common,0,0.5631338867742721
14,model-free,1,1,common,1,0.5952571101138949
15,model-free,1,1,common,1,0.6134356736705493
16,model-based,1,0,rare,0,0.6224201497904238
17,model-based,1,0,rare,1,0.6641602019745941
18,model-free,1,1,common,0,0.6650768201112798
19,model-based,0,0,common,1,0.6598374158323661
20,model-based,0,0,common,1,0.6155413178056556
21,model-free,0,0,common,0,0.5963917259141561
22,model-based,1,1,common,1,0.6997620390096061
23,model-based,1,1,common,1,0.6644023100478316
24,model-free,1,0,rare,0,0.6632690693101728
25,model-based,1,0,rare,1,0.6632866982205337
26,model-free,0,1,rare,1,0.7056635954799149
27,model-based,0,1,rare,1,0.7307004482581798
28,model-based,0,0,common,0,0.6391257604602435
29,model-free,1,1,common,1,0.6601163347464546
30,model-based,1,0,rare,0,0.6175274498675968
31,model-based,1,1,common,1,0.6389565799943879
32,model-based,1,0,rare,0,0.6466745378049085
33,model-based,0,0,common,1,0.6700490831482299
34,model-based,0,0,common,1,0.6376364609526551
35,model-based,0,0,common,1,0.6349855759667954
36,model-based,1,1,common,1,0.6494136037743211
37,model-free,0,1,rare,1,0.6514185182878649
38,model-based,0,0,common,1,0.5724934403104844
39,model-based,0,0,common,1,0.6135240356232827
40,model-based,0,0,common,1,0.608664981466846
41,model-based,0,0,common,0,0.6080276244517105
42,model-based,0,0,common,1,0.6413557902663212
43,model-free,0,0,common,0,0.5731690965503881
44,model-based,1,1,common,1,0.6658856507687674
45,model-based,1,1,common,1,0.6850996525504711
46,model-based,1,1,common,1,0.7140100897940125
47,model-based,1,1,common,0,0.7362121745927261
48,model-free,1,1,common,1,0.7496633464395923
49,model-free,1,1,common,1,0.75
50,model-based,1,1,common,0,0.7202676732081533
51,model-free,1,1,common,1,0.7158538082898678
52,model-based,1,1,common,1,0.7131959174924307
53,model-based,1,1,common,0,0.75
54,model-based,1,1,common,1,0.75
55,model-based,0,0,common,1,0.7092016746436947
56,model-based,1,1,common,1,0.75
57,model-based,1,0,rare,1,0.6945494393458437
58,model-based,1,1,common,0,0.6943155823419564
59,model-based,0,0,common,1,0.6635449834545003
60,model-based,0,0,common,1,0.6762053916190344
61,model-based,0,0,common,1,0.7015795012545015
62,model-based,0,0,common,0,0.6733881433187907
63,model-free,0,0,common,1,0.6786521000396091
64,model-based,0,0,common,1,0.6682004029126339
65,model-based,0,0,common,1,0.656782606312432
66,model-based,1,1,common,1,0.609812345868115
67,model-based,1,0,rare,1,0.7038672593390172
68,model-based,0,1,rare,1,0.5720517918947992
69,model-based,1,1,common,0,0.5923043770503426
70,model-free,0,0,common,1,0.6311640942396596
71,model-based,0,0,common,0,0.6561345584137391
72,model-free,0,0,common,0,0.674478767215304
73,model-free,0,1,rare,0,0.5505674529828409
74,model-free,1,0,rare,1,0.7337493601644199
75,model-free,1,1,common,0,0.5230047731981272
76,model-based,0,0,common,1,0.7132539820837899
77,model-free,0,0,common,1,0.75
78,model-based,1,0,rare,0,0.75
79,model-based,1,1,common,0,0.5543052596377027
80,model-free,0,0,common,0,0.75
81,model-free,1,1,common,1,0.5271534805549473
82,model-based,1,1,common,1,0.5593734653843253
83,model-based,1,0,rare,1,0.75
84,model-free,0,0,common,1,0.75
85,model-free,0,0,common,1,0.685901294794808
86,model-based,0,1,rare,1,0.6372142978752986
87,model-based,0,0,common,0,0.706755242139106
88,model-based,1,1,common,0,0.6645656270760797
89,model-free,1,1,common,1,0.6627730384501743
90,model-based,0,0,common,1,0.7083591940052983
91,model-based,0,0,common,1,0.723243171249198
92,model-free,1,1,common,1,0.6020262497959288
93,model-based,1,1,common,1,0.643942045761344
94,model-free,1,1,common,0,0.664093531148354
95,model-free,0,1,rare,1,0.6730375955213689
96,model-free,0,0,common,0,0.680699710587708
97,model-based,0,0,common,0,0.7092379058559025
98,model-based,0,0,common,1,0.7060549814907753
99,model-based,0,0,common,1,0.686997076564567
100,model-based,0,0,common,1,0.6906930468777273
101,model-based,1,1,common,0,0.6096930773208663
102,model-based,1,1,common,1,0.5879435529569923
103,model-based,1,0,rare,0,0.649816633338359
104,model-based,1,1,common,0,0.5947434150429004
105,model-based,1,1,common,0,0.6333714135097601
106,model-based,1,0,rare,1,0.6491929714073303
107,model-free,0,0,common,1,0.6617202504381666
108,model-based,0,0,common,0,0.687563837078935
109,model-free,0,0,common,1,0.6595744783032814
110,model-based,0,0,common,1,0.6409547064729206
111,model-based,1,1,common,1,0.5947604130522695
112,model-based,0,0,common,1,0.6186128987843468
113,model-based,0,0,common,1,0.6291475324267184
114,model-free,1,1,common,1,0.6112537004488241
115,model-based,1,1,common,0,0.593718621575158
116,model-free,0,1,rare,1,0.6006214519088267
117,model-based,0,1,rare,1,0.5754848121260377
118,model-free,0,0,common,1,0.6496587578558437
119,model-free,0,0,common,0,0.5822536868767939
120,model-based,1,0,rare,1,0.5946428907321332
121,model-based,1,1,common,0,0.5387766993630171
122,model-free,1,0,rare,1,0.6054386735826582
123,model-based,1,1,common,1,0.6260521241601048
124,model-based,0,0,common,1,0.6165873356347584
125,model-based,0,0,common,0,0.6018367978415974
126,model-based,0,1,rare,0,0.6119037594522969
127,model-free,1,1,common,1,0.6692534126685112
128,model-free,0,1,rare,1,0.6464620043523353
129,model-based,0,0,common,1,0.663871781621694
130,model-free,0,1,rare,1,0.6645585308512102
131,model-free,1,1,common,1,0.6660326470534242
132,model-based,0,0,common,1,0.5964745689127459
133,model-free,1,0,rare,1,0.5821616562709803
134,model-based,1,0,rare,0,0.5580756808176656
135,model-based,0,1,rare,1,0.75
136,model-free,0,0,common,1,0.596269285326968
137,model-based,0,0,common,1,0.6002645784397062
138,model-based,0,1,rare,1,0.75
139,model-based,1,1,common,1,0.7313152899695344
140,model-based,0,0,common,0,0.574309313634779
141,model-free,1,1,common,1,0.7289976375397241
142,model-free,1,0,rare,1,0.6311009781825653
143,model-free,1,1,common,1,0.6587644105620756
144,model-based,0,0,common,0,0.6349902499916349
145,model-based,1,1,common,1,0.708999773697823
146,model-free,1,0,rare,0,0.6809968347740823
147,model-based,1,1,common,1,0.6630537188901159
148,model-based,1,1,common,1,0.6901266913372621
149,model-free,1,1,common,1,0.6986304951917072
150,model-free,1,1,common,0,0.6639195735096202
151,model-based,1,1,common,1,0.6919154138092634
152,model-based,0,0,common,1,0.6654667138296793
153,model-based,0,1,rare,0,0.6631427468483667
154,model-free,0,1,rare,1,0.669750384671516
155,model-based,1,1,common,1,0.6869554519186786
156,model-free,1,0,rare,1,0.6816570010578145
157,model-based,0,0,common,1,0.7138035139024762
158,model-based,0,1,rare,1,0.6879819080479895
159,model-free,1,1,common,1,0.7003475062420688
160,model-free,0,0,common,0,0.75
161,model-based,1,1,common,1,0.6504251279029648
162,model-free,1,1,common,1,0.6173057299451598
163,model-based,1,0,rare,1,0.7080518394515277
164,model-based,1,1,common,1,0.6479442902993588
165,model-based,1,1,common,0,0.6749724797669224
166,model-free,0,1,rare,1,0.7024569865211121
167,model-free,0,0,common,0,0.7026695468549051
168,model-based,1,1,common,1,0.6536335004819894
169,model-based,1,0,rare,0,0.7372259089553524
170,model-based,1,1,common,0,0.6778590265937765
171,model-based,1,0,rare,1,0.7260176094343401
172,model-free,1,0,rare,1,0.72952109333888
173,model-based,0,0,common,0,0.7155507748914339
174,model-based,0,0,common,1,0.7023245538325802
175,model-based,1,1,common,0,0.745761253715556
176,model-free,1,1,common,0,0.75
177,model-free,0,0,common,1,0.6550427906590884
178,model-free,0,1,rare,0,0.745358663893542
179,model-free,0,0,common,1,0.6353906468090453
180,model-based,0,0,common,0,0.6395139291179791
181,model-based,0,0,common,1,0.5986339149278663
182,model-free,1,1,common,1,0.75
183,model-based,1,0,rare,1,0.6028609681780127
184,model-based,0,1,rare,0,0.75
185,model-based,1,1,common,1,0.7476065945131525
186,model-free,0,0,common,0,0.6085176524745228
187,model-based,0,0,common,0,0.6377653349835711
188,model-based,1,1,common,0,0.7482462432122524
189,model-based,1,1,common,1,0.75
190,model-free,0,1,rare,1,0.75
191,model-based,0,0,common,1,0.6340142330280388
192,model-free,0,1,rare,1,0.75
193,model-based,1,1,common,1,0.7145556471585635
194,model-free,1,1,common,1,0.7369315772543965
195,model-free,1,1,common,0,0.7267441745714348
196,model-free,0,1,rare,1,0.729238025535152
197,model-based,0,0,common,1,0.5883607191208541
198,model-based,0,0,common,0,0.5894243587835138
199,model-based,0,0,common,1,0.6457525890047741
200,model-based,0,1,rare,1,0.75
201,model-based,0,1,rare,1,0.75
202,model-free,0,1,rare,1,0.75
203,model-based,0,1,rare,1,0.71816705451975
204,model-free,0,0,common,1,0.723586379982402
205,model-free,0,0,common,1,0.7048164163360724
206,model-based,1,1,common,1,0.6740658285342517
207,model-based,0,1,rare,1,0.6530715060366032
208,model-based,0,1,rare,0,0.6631170077428735
209,model-free,0,1,rare,0,0.663194585010947
210,model-free,1,1,common,1,0.6226268506016189
211,model-based,1,1,common,0,0.6161430743019006
212,model-based,0,0,common,1,0.7479295653701701
213,model-based,1,1,common,1,0.6252636873191746
214,model-based,1,1,common,1,0.6138135200625928
215,model-based,0,1,rare,1,0.6372646253246158
216,model-free,0,0,common,1,0.75
217,model-based,0,0,common,1,0.7195906764009222
218,model-free,0,0,common,0,0.75
219,model-based,1,1,common,0,0.6904815709273676
220,model-based,1,1,common,1,0.7025217919096022
221,model-free,1,0,rare,1,0.7266733752949022
222,model-based,1,1,common,0,0.6994993020060652
223,model-based,1,0,rare,0,0.7217847605183088
224,model-based,1,1,common,1,0.6572685340585388
225,model-free,0,0,common,0,0.75
226,model-free,0,0,common,1,0.7289521025091453
227,model-based,0,0,common,0,0.75
228,model-based,1,1,common,1,0.629346477902755
229,model-free,1,0,rare,1,0.75
230,model-free,0,0,common,0,0.75
231,model-based,1,1,common,0,0.6699637013133972
232,model-based,1,1,common,0,0.672633303342697
233,model-based,1,1,common,1,0.692444399924621
234,model-free,1,1,common,1,0.6719882747312896
235,model-free,1,1,common,1,0.6598322723523978
236,model-free,1,1,common,0,0.6491858910706323
237,model-based,0,0,common,1,0.7243956487616499
238,model-based,0,1,rare,0,0.5528081964056185
239,model-free,1,1,common,1,0.5659630474278422
240,model-based,1,1,common,0,0.5802123830351158
241,model-based,1,1,common,0,0.54064423135103
242,model-based,0,1,rare,0,0.5551812774559376
243,model-free,0,0,common,1,0.7329703724112171
244,model-free,0,1,rare,1,0.5235244680303424
245,model-based,0,0,common,0,0.692826206722551
246,model-based,1,1,common,0,0.5413349234265704
247,model-based,1,1,common,1,0.5214939701052772
248,model-based,1,0,rare,1,0.6979216535415137
249,model-based,1,1,common,0,0.45145002603777684
250,model-based,0,0,common,1,0.6926707362191289
251,model-based,1,1,common,1,0.5338468167499537
252,model-based,1,1,common,1,0.5774439586723293
253,model-free,1,1,common,1,0.5668347166307128
254,model-based,1,0,rare,1,0.6217463669552751
255,model-based,1,1,common,0,0.6004863817766234
256,model-free,0,1,rare,0,0.5886239719013495
257,model-based,1,1,common,0,0.5858536709856002
258,model-based,0,0,common,0,0.626785402998231
259,model-based,1,0,rare,1,0.6590610085895467
260,model-based,1,1,common,1,0.6277032859387848
261,model-based,1,1,common,1,0.6173741787680944
262,model-based,1,0,rare,0,0.6194922731587973
263,model-based,1,0,rare,1,0.6034319670830046
264,model-based,1,0,rare,1,0.6176153080410791
265,model-based,1,1,common,1,0.6377183860554954
266,model-free,1,1,common,0,0.6675835479157506
267,model-free,1,1,common,1,0.6477122867354206
268,model-based,0,1,rare,0,0.692616327927353
269,model-free,1,1,common,1,0.6872468409295426
270,model-based,0,0,common,1,0.5524943074942199
271,model-based,0,0,common,1,0.5543245288145106
272,model-free,0,0,common,1,0.5401694245148855
273,model-based,1,0,rare,0,0.5494020563687437
274,model-free,0,0,common,0,0.5510849272231951
275,model-free,1,1,common,1,0.7169109148888901
276,model-based,1,0,rare,1,0.5632905136882622
277,model-based,1,0,rare,0,0.5681998195335969
278,model-free,1,1,common,0,0.6932954678565804
279,model-free,1,0,rare,1,0.5688233425159172
280,model-based,1,1,common,0,0.7418091622964531
281,model-based,0,0,common,1,0.538920423569425
282,model-based,0,1,rare,1,0.75
283,model-based,1,1,common,1,0.75
284,model-based,1,1,common,1,0.7462139423801004
285,model-based,1,1,common,1,0.7270276828841481
286,model-based,0,0,common,0,0.5577278214348181
287,model-free,0,0,common,1,0.5476314943451762
288,model-based,1,0,rare,0,0.5638390456616689
289,model-based,1,1,common,0,0.7064030786276972
290,model-based,1,0,rare,1,0.5561169472904846
291,model-based,1,1,common,1,0.6786580231487953
292,model-based,0,0,common,0,0.5497764287340091
293,model-free,1,1,common,0,0.671401896826279
294,model-based,1,1,common,1,0.6901660033460608
295,model-based,1,1,common,1,0.7306797722625509
296,model-based,1,1,common,1,0.6930219141067706
297,model-free,1,1,common,1,0.6664867174291619
298,model-based,0,0,common,1,0.6117839948219443
299,model-based,1,0,rare,1,0.6297446313850663
300,model-based,1,1,common,0,0.6885503744736895
301,model-free,1,0,rare,0,0.6623762184709553
302,model-based,1,1,common,1,0.7050442569059631
303,model-free,0,1,rare,1,0.7012205100339935
304,model-based,0,1,rare,0,0.7025282297883271
305,model-based,0,1,rare,1,0.7118294257442381
306,model-based,0,0,common,1,0.7487726491198382
307,model-free,0,0,common,1,0.75
308,model-based,0,1,rare,1,0.6722438641135815
309,model-free,1,0,rare,1,0.75
310,model-based,0,1,rare,0,0.6696629610901237
311,model-free,0,0,common,1,0.7362289619930776
312,model-based,0,0,common,1,0.75
313,model-based,1,0,rare,0,0.7235753287624018
314,model-free,0,0,common,1,0.6951188556035626
315,model-free,0,1,rare,0,0.7123758898599863
316,model-based,0,0,common,0,0.6600379721814047
317,model-based,0,0,common,1,0.676971547938069
318,model-based,0,0,common,0,0.6383342869673337
319,model-based,0,0,common,0,0.6482149133185107
320,model-free,0,0,common,0,0.7022966256149782
321,model-based,0,0,common,1,0.7346095079373259
322,model-free,1,1,common,0,0.7403899114941286
323,model-free,1,1,common,1,0.75
324,model-based,0,0,common,1,0.7430342363559127
325,model-based,0,1,rare,1,0.7408278311266595
326,model-free,0,0,common,1,0.7204348610471687
327,model-based,0,0,common,1,0.7321675531813786
328,model-based,0,0,common,1,0.702546043627678
329,model-based,1,0,rare,1,0.7210314477996898
330,model-based,1,1,common,0,0.7261050127637289
331,model-based,1,1,common,1,0.7108353529152001
332,model-free,0,1,rare,1,0.75
333,model-based,0,0,common,1,0.680161819012239
334,model-based,1,0,rare,1,0.6836044597830744
335,model-free,1,1,common,0,0.75
336,model-free,0,0,common,1,0.7076786536249249
337,model-based,0,0,common,1,0.6820341879340468
338,model-free,0,1,rare,1,0.6888856811518008
339,model-based,0,0,common,1,0.685456080693249
340,model-based,0,1,rare,1,0.6473738812716512
341,model-free,0,0,common,1,0.729789370390062
342,model-based,0,0,common,1,0.75
343,model-based,0,0,common,1,0.75
344,model-based,0,0,common,1,0.75
345,model-based,0,0,common,1,0.75
346,model-based,0,0,common,1,0.7086540310649208
347,model-based,0,0,common,1,0.6790776098940282
348,model-based,1,1,common,0,0.7050810561453859
349,model-based,0,1,rare,1,0.6949966179322448
350,model-free,0,1,rare,0,0.7376602734836017
351,model-based,0,0,common,1,0.7211791564029246
352,model-free,0,0,common,0,0.7315951302217106
353,model-based,0,0,common,1,0.75
354,model-free,0,0,common,1,0.7297941861350437
355,model-free,0,0,common,1,0.6986020864383051
356,model-free,0,0,common,1,0.6925723707280571
357,model-based,0,0,common,1,0.6948747120361615
358,model-based,1,0,rare,0,0.7075103766566506
359,model-based,1,0,rare,1,0.7129252837546741
360,model-free,0,1,rare,1,0.7041031718282268
361,model-based,0,1,rare,1,0.7131267443224574
362,model-free,0,1,rare,1,0.7091166539136392
363,model-based,0,0,common,0,0.7200830100167072
364,model-based,1,0,rare,1,0.6901476165138755
365,model-free,0,1,rare,1,0.6675919173789673
366,model-free,1,1,common,0,0.6636268447095
367,model-free,1,1,common,1,0.6812003186944128
368,model-based,1,0,rare,1,0.6879803326285379
369,model-free,0,1,rare,1,0.669113582985144
370,model-based,0,1,rare,0,0.6808484334284938
371,model-free,1,1,common,0,0.6652275833845712
372,model-free,1,1,common,1,0.630071102595326
373,model-based,1,1,common,1,0.6136291096997647
374,model-based,0,0,common,0,0.6670272448979726
375,model-free,0,1,rare,0,0.6215662958501483
376,model-based,1,1,common,1,0.6379099614014351
377,model-free,0,0,common,0,0.6102467050777791
378,model-free,1,0,rare,0,0.594276313878286
379,model-free,1,1,common,1,0.5893886196326286
380,model-free,1,1,common,1,0.6101792816085805
381,model-based,1,1,common,0,0.561075597603135
382,model-based,0,0,common,0,0.5906508899347569
383,model-free,0,0,common,1,0.5675988285498845
384,model-free,0,0,common,0,0.5896004139098517
385,model-based,1,0,rare,0,0.6046052600806529
386,model-free,1,0,rare,0,0.5696203963734585
387,model-based,1,1,common,0,0.5761901154286576
388,model-based,1,0,rare,1,0.6040339963322081
389,model-free,0,1,rare,1,0.6173153423513833
390,model-based,0,1,rare,0,0.6187270045235087
391,model-based,1,1,common,1,0.5947736352437287
392,model-based,1,0,rare,1,0.5696105753449971
393,model-free,1,0,rare,0,0.5665850913096602
394,model-free,1,1,common,1,0.6277107279874249
395,model-based,1,1,common,0,0.6490237295408312
396,model-free,0,0,common,0,0.44402972862784773
397,model-based,0,0,common,1,0.43909388491526724
398,model-based,0,1,rare,1,0.6587019186672805
399,model-based,1,1,common,1,0.6280836388562417
400,model-based,0,1,rare,1,0.6433911295242996
401,model-free,1,0,rare,0,0.43321198273161093
402,model-free,0,1,rare,1,0.6226903965395991
403,model-free,0,0,common,1,0.368399370223202
404,model-based,0,0,common,0,0.37176192630060173
405,model-based,1,1,common,1,0.6455354723268729
406,model-free,0,0,common,0,0.3427405533591579
407,model-free,0,1,rare,1,0.6484441753440413
408,model-based,1,1,common,1,0.606837497682999
409,model-based,1,0,rare,1,0.3647756924514467
410,model-based,1,0,rare,0,0.3675449738106961
411,model-based,1,0,rare,1,0.3497310068395841
412,model-based,0,1,rare,0,0.5381994253666438
413,model-free,1,1,common,1,0.5486471401183737
414,model-free,0,0,common,0,0.3211588214813845
415,model-based,0,0,common,1,0.3248857686538889
416,model-free,0,1,rare,0,0.5177712966882593
417,model-based,0,0,common,0,0.3745615857166908
418,model-based,1,1,common,1,0.4813561765051624
419,model-based,0,0,common,0,0.31570683824043566
420,model-free,1,0,rare,1,0.3158427435721302
421,model-free,1,1,common,0,0.5153205841270233
422,model-based,0,1,rare,0,0.5126727683134398
423,model-based,0,0,common,0,0.29607083709971005
424,model-based,0,0,common,0,0.29078011174022045
425,model-based,0,1,rare,0,0.47450498493744137
426,model-free,1,0,rare,0,0.29667736619403223
427,model-free,0,0,common,0,0.2698296512688372
428,model-free,1,1,common,0,0.5067266163622816
429,model-based,0,0,common,0,0.28544032541354625
430,model-based,0,1,rare,0,0.4923670656682086
431,model-based,1,1,common,0,0.5203721765334608
432,model-based,1,1,common,0,0.49380362915363063
433,model-based,1,1,common,1,0.503652230004773
434,model-based,1,1,common,1,0.5122885523863967
435,model-based,1,1,common,1,0.5116898469978406
436,model-based,0,0,common,0,0.29312379630287255
437,model-free,1,0,rare,0,0.286403996915107
438,model-free,1,0,rare,1,0.2506902565495094
439,model-free,0,1,rare,1,0.5146478697082341
440,model-based,1,1,common,1,0.4977319045893439
441,model-based,1,0,rare,0,0.28085418366814313
442,model-free,1,1,common,0,0.5043521705569594
443,model-based,0,0,common,0,0.25
444,model-free,0,0,common,0,0.25
445,model-free,1,1,common,1,0.5361918530793607
446,model-based,1,1,common,1,0.5489667156409588
447,model-based,1,1,common,0,0.5539153309119521
448,model-based,1,0,rare,0,0.25121463933860405
449,model-based,1,0,rare,0,0.2532701902614597
450,model-free,1,0,rare,0,0.2606177028863812
451,model-based,1,1,common,1,0.5203598939112908
452,model-free,1,1,common,0,0.5145661911683008
453,model-free,1,1,common,1,0.5192211190711311
454,model-free,0,0,common,1,0.2697562328676756
455,model-free,0,0,common,0,0.25
456,model-based,0,0,common,0,0.29464849325560705
457,model-based,1,1,common,1,0.515285619050395
458,model-based,1,0,rare,1,0.31056459711604834
459,model-based,0,1,rare,1,0.5285691686835822
460,model-based,0,1,rare,1,0.4968630456251703
461,model-free,0,0,common,0,0.301760843661016
462,model-based,0,0,common,0,0.28447681924140356
463,model-free,1,0,rare,0,0.2760358070364829
464,model-free,1,0,rare,1,0.2568260569615959
465,model-free,0,1,rare,1,0.5103433267989439
466,model-free,1,1,common,0,0.49663763063215205
467,model-based,1,1,common,1,0.47267102343354706
468,model-based,0,0,common,1,0.2808062162074599
469,model-based,0,0,common,1,0.2819372995824613
470,model-based,0,0,common,1,0.28733133017209433
471,model-free,0,0,common,1,0.2930103846935571
472,model-based,0,0,common,0,0.2964082107297382
473,model-based,0,0,common,0,0.3081504969580438
474,model-based,0,1,rare,1,0.5017972229471586
475,model-based,0,0,common,0,0.36222845638533624
476,model-based,0,0,common,0,0.3358680801568019
477,model-based,1,1,common,1,0.49221873433328256
478,model-free,1,1,common,0,0.5022342678321121
479,model-based,1,1,common,0,0.47854170304289634
480,model-based,1,0,rare,0,0.27128108910897564
481,model-based,1,1,common,1,0.4898108543813394
482,model-free,1,0,rare,0,0.29406881769526416
483,model-free,1,1,common,0,0.4820005921905318
484,model-free,0,0,common,1,0.2784215139463131
485,model-free,0,0,common,0,0.2559423771455637
486,model-based,0,0,common,0,0.2551541017420506
487,model-free,0,0,common,1,0.29538846117458434
488,model-free,0,0,common,1,0.2840319860614351
489,model-based,0,0,common,1,0.2714116523787418
490,model-based,0,0,common,1,0.25
491,model-based,1,1,common,0,0.37206837595948544
492,model-based,0,1,rare,1,0.38564666971861805
493,model-based,0,0,common,0,0.25
494,model-based,1,0,rare,0,0.25678881289715666
495,model-based,1,1,common,1,0.4137064165952467
496,model-free,1,1,common,0,0.4248339947544085
497,model-based,0,1,rare,0,0.40935207279058616
498,model-based,1,1,common,0,0.4209087198506666
499,model-based,0,0,common,1,0.30123386112618566
500,model-based,0,0,common,1,0.30026242157392774
501,model-free,1,1,common,1,0.5176865075324218
502,model-based,0,0,common,1,0.31509796827103054
503,model-based,0,0,common,0,0.3003998019260517
504,model-free,0,0,common,0,0.2774309934990726
505,model-based,0,0,common,1,0.25839978865149404
506,model-based,0,0,common,0,0.25
507,model-based,0,1,rare,0,0.5074167300412642
508,model-free,0,0,common,0,0.26351765139261357
509,model-free,0,0,common,0,0.28621486373670946
510,model-based,0,0,common,0,0.2555187850934297
511,model-based,0,0,common,0,0.25
512,model-free,0,0,common,1,0.2882978605637999
513,model-free,1,1,common,0,0.43000651797261635
514,model-based,0,0,common,0,0.29975562463729816
515,model-free,1,1,common,1,0.44270040470601785
516,model-based,1,1,common,0,0.40922636469303403
517,model-based,1,1,common,1,0.42730436925989385
518,model-based,1,1,common,0,0.3885804994975415
519,model-based,1,1,common,1,0.3886906068264024
520,model-based,1,0,rare,0,0.25
521,model-based,0,1,rare,0,0.28868706306026465
522,model-free,0,0,common,0,0.2640294081571798
523,model-based,1,1,common,0,0.3056654342293206
524,model-based,1,1,common,0,0.3162404499902872
525,model-based,1,1,common,1,0.3177329641294483
526,model-free,0,1,rare,0,0.29922083064789073
527,model-based,1,1,common,0,0.2643830400574766
528,model-based,0,0,common,0,0.30094339931151304
529,model-based,0,0,common,0,0.32690568417824517
530,model-based,0,0,common,1,0.3012056331046016
531,model-free,1,1,common,1,0.3358882316264562
532,model-based,1,1,common,0,0.3282805168179994
533,model-based,1,0,rare,0,0.30758193996405747
534,model-free,0,0,common,0,0.3280862267719819
535,model-free,0,0,common,0,0.358611502686656
536,model-free,1,1,common,0,0.2630424844808084
537,model-based,1,1,common,0,0.25107998554743804
538,model-based,0,1,rare,1,0.25
539,model-based,0,0,common,0,0.45759566081861697
540,model-free,0,0,common,1,0.496800103617685
541,model-based,0,0,common,0,0.48049113610108934
542,model-based,0,1,rare,0,0.26522041754855213
543,model-free,1,1,common,0,0.25
544,model-free,1,1,common,0,0.2960616590436029
545,model-based,1,0,rare,0,0.4710009011870626
546,model-based,0,1,rare,1,0.3283146712806597
547,model-free,1,0,rare,1,0.5158545795516701
548,model-based,1,1,common,0,0.2884387852555896
549,model-based,0,0,common,1,0.5065587712861376
550,model-based,0,0,common,1,0.5600685996484698
551,model-free,0,0,common,1,0.5783873684131005
552,model-based,0,0,common,1,0.5581093539158389
553,model-based,1,1,common,0,0.382975194211172
554,model-free,0,0,common,0,0.5885428861247352
555,model-based,1,1,common,1,0.3991560581090743
556,model-free,1,1,common,0,0.39397396318844063
557,model-free,1,1,common,0,0.36745223424929546
558,model-based,0,0,common,1,0.6771839129647059
559,model-free,0,0,common,1,0.644415526428439
560,model-based,0,0,common,1,0.6804233434159226
561,model-based,0,0,common,1,0.6558218132165539
562,model-free,0,0,common,0,0.6870443191135764
563,model-based,0,0,common,1,0.71882291887311
564,model-free,0,1,rare,0,0.30853769406363624
565,model-based,0,0,common,1,0.7283435793073435
566,model-based,0,0,common,1,0.7235920633897657
567,model-free,0,0,common,1,0.7356998600347375
568,model-based,1,1,common,0,0.25
569,model-based,1,1,common,1,0.2604964671262737
570,model-free,0,0,common,0,0.695562328823689
571,model-based,0,1,rare,1,0.3043458023765059
572,model-based,1,1,common,1,0.2560963588973614
573,model-based,0,0,common,1,0.6522628238372413
574,model-based,0,1,rare,0,0.2645287094725694
575,model-based,1,1,common,0,0.25
576,model-based,0,0,common,1,0.6822670918652396
577,model-based,0,0,common,1,0.6597330654670069
578,model-based,1,1,common,0,0.26397674467497406
579,model-based,0,0,common,0,0.7329811835787347
580,model-free,0,0,common,0,0.75
581,model-based,0,0,common,1,0.7464714075515325
582,model-based,0,0,common,1,0.7413943637494453
583,model-free,0,0,common,1,0.7440556015584188
584,model-based,0,0,common,1,0.7430440436076157
585,model-based,0,0,common,0,0.7274361996575535
586,model-based,0,0,common,1,0.7409519693464005
587,model-based,0,1,rare,0,0.31229407844117824
588,model-based,0,0,common,0,0.7231676848659031
589,model-free,0,0,common,1,0.7235996812244112
590,model-based,1,0,rare,1,0.6830920939798676
591,model-based,1,1,common,0,0.3321762203945034
592,model-based,0,1,rare,1,0.35828884670819117
593,model-based,0,1,rare,0,0.34921675590377865
594,model-based,0,0,common,0,0.7135406021313923
595,model-based,0,0,common,1,0.7289211228422465
596,model-free,1,0,rare,1,0.7297591636428102
597,model-free,0,1,rare,0,0.4555787032939461
598,model-based,0,0,common,0,0.7437802806551501
599,model-free,0,0,common,0,0.75
600,model-free,1,0,rare,0,0.7375096246464662
601,model-free,1,1,common,0,0.5335405829198737
602,model-free,0,0,common,1,0.75
603,model-based,0,0,common,1,0.7270635044015529
604,model-based,0,1,rare,1,0.5523187427218763
605,model-based,0,0,common,0,0.7244515756932146
606,model-based,0,0,common,1,0.7268939749646205
607,model-based,0,0,common,1,0.6891921216009437
608,model-based,1,1,common,0,0.5603697702119627
609,model-free,1,1,common,1,0.5732569942648632
610,model-free,0,0,common,0,0.6539536409327784
611,model-based,0,1,rare,0,0.6560857902950669
612,model-based,1,1,common,1,0.6721463441834394
613,model-based,1,1,common,0,0.6893100652644605
614,model-based,1,1,common,1,0.6963409018359992
615,model-free,1,1,common,1,0.720923516564221
616,model-free,1,1,common,1,0.7192274995177774
617,model-free,1,1,common,0,0.721474513729177
618,model-free,0,0,common,0,0.6802831892051401
619,model-free,1,0,rare,1,0.6705675589814437
620,model-based,0,0,common,0,0.6672690559940067
621,model-free,1,1,common,0,0.7245593251957795
622,model-free,1,0,rare,0,0.6466529965934488
623,model-based,1,1,common,1,0.75
624,model-based,1,0,rare,1,0.5990843926906928
625,model-based,1,0,rare,0,0.6717390316444983
626,model-based,1,0,rare,0,0.658302640927933
627,model-free,0,0,common,0,0.6725919172735059
628,model-based,0,0,common,1,0.7276821993441486
629,model-free,0,1,rare,1,0.7003465794606272
630,model-based,1,0,rare,1,0.7203319525471151
631,model-based,1,1,common,1,0.7483368500676453
632,model-based,1,1,common,1,0.7077360636299111
633,model-based,1,1,common,1,0.729798293039407
634,model-free,1,1,common,1,0.75
635,model-based,0,0,common,1,0.6486094061869372
636,model-free,1,0,rare,1,0.6799702030621703
637,model-based,1,1,common,1,0.6953425412637877
638,model-based,1,0,rare,1,0.690276129428818
639,model-free,1,1,common,1,0.6911114901005094
640,model-based,1,1,common,1,0.6827766418082073
641,model-based,1,1,common,1,0.7059724172958979
642,model-based,0,1,rare,1,0.7306634595766299
643,model-based,0,0,common,1,0.7386160427594342
644,model-based,1,1,common,1,0.7106797308266347
645,model-based,1,0,rare,1,0.7232444223184613
646,model-based,0,0,common,1,0.6964649536660604
647,model-free,0,1,rare,0,0.6477343628659706
648,model-based,0,0,common,1,0.7021918975906679
649,model-free,0,0,common,1,0.7139340065118323
650,model-based,0,0,common,1,0.735105903592318
651,model-based,0,0,common,0,0.6841925442737822
652,model-based,0,0,common,0,0.6381345039801135
653,model-based,0,0,common,0,0.592136806393413
654,model-based,1,1,common,0,0.7224704373337234
655,model-free,0,1,rare,0,0.7369023253840762
656,model-based,0,0,common,0,0.5680572503200365
657,model-free,1,1,common,1,0.7256678590043383
658,model-free,1,1,common,1,0.7222840796516539
659,model-based,0,0,common,1,0.5214715574356408
660,model-based,0,0,common,0,0.5636564033095325
661,model-based,0,0,common,0,0.66115408919205
662,model-free,1,0,rare,1,0.6621980898896327
663,model-based,0,1,rare,0,0.7062068710546103
664,model-based,0,0,common,1,0.7224153041826713
665,model-based,0,1,rare,0,0.6894982473855769
666,model-based,1,1,common,1,0.6998926589078468
667,model-free,1,1,common,1,0.6970778327272894
668,model-based,1,1,common,1,0.714654416491152
669,model-free,1,1,common,1,0.75
670,model-based,1,1,common,1,0.75
671,model-based,0,0,common,1,0.7139418950449147
672,model-based,0,0,common,1,0.7377218704068136
673,model-free,0,0,common,1,0.7159158588926625
674,model-free,1,0,rare,0,0.7455420416478349
675,model-based,1,1,common,0,0.7281104444803636
676,model-free,0,0,common,1,0.7189549194784227
677,model-based,0,1,rare,1,0.7297528834022075
678,model-based,0,1,rare,1,0.75
679,model-free,0,0,common,1,0.7066035755590481
680,model-free,0,0,common,1,0.7293149589940986
681,model-free,1,0,rare,1,0.6967782935724337
682,model-based,1,0,rare,1,0.6795448450698827
683,model-based,0,1,rare,0,0.6484888016908015
684,model-free,1,0,rare,1,0.6901495829461178
685,model-based,0,1,rare,0,0.5813224708747791
686,model-free,1,1,common,0,0.5741070245630726
687,model-free,0,0,common,1,0.7092084120280563
688,model-free,0,0,common,0,0.6931769477489915
689,model-free,0,1,rare,1,0.5236170622569843
690,model-based,1,1,common,1,0.4938629318002876
691,model-free,0,0,common,1,0.70559244916125
692,model-based,0,1,rare,0,0.46764291146444403
693,model-based,0,1,rare,1,0.4263330988633134
694,model-based,1,1,common,0,0.40307570544563986
695,model-based,1,1,common,0,0.4606798898903165
696,model-free,1,1,common,0,0.4491323923722772
697,model-free,0,1,rare,0,0.48447745107810625
698,model-based,0,0,common,1,0.7198251666827171
699,model-based,1,1,common,0,0.5465320634422993
700,model-based,1,1,common,0,0.5293949273256919
701,model-free,1,1,common,1,0.5434190943300145
702,model-based,0,0,common,1,0.7129698074847384
703,model-free,0,1,rare,1,0.5348873759520325
704,model-free,0,0,common,1,0.712590555611655
705,model-based,0,1,rare,1,0.5072593148372855
706,model-based,0,0,common,1,0.6992325684122781
707,model-free,0,0,common,1,0.7131494621038198
708,model-based,0,0,common,0,0.7066859013772915
709,model-free,1,1,common,0,0.5522501050935397
710,model-based,1,1,common,1,0.5638614300605029
711,model-based,1,1,common,0,0.6029479715573224
712,model-based,1,1,common,1,0.6297133110296027
713,model-free,0,0,common,1,0.69885479233739
714,model-based,1,0,rare,0,0.6724336420059722
715,model-free,1,1,common,1,0.67496427350885
716,model-free,0,1,rare,1,0.673436734354444
717,model-based,0,0,common,1,0.7003659774392341
718,model-free,1,1,common,1,0.6855312255271534
719,model-based,1,1,common,1,0.641376145276728
720,model-free,0,0,common,1,0.709888033378244
721,model-based,0,0,common,1,0.7021039191260096
722,model-based,0,0,common,1,0.6721787190627833
723,model-based,0,0,common,1,0.6430699991247708
724,model-free,0,0,common,1,0.6025827591139507
725,model-based,0,0,common,0,0.6320721719682793
726,model-based,1,1,common,1,0.621926648541921
727,model-free,1,0,rare,0,0.5744092208476785
728,model-free,1,1,common,0,0.6774466068371425
729,model-free,0,1,rare,1,0.6206511675082631
730,model-free,0,0,common,1,0.5343699460438791
731,model-based,0,1,rare,1,0.6418344163057959
732,model-based,1,1,common,1,0.6394933511368057
733,model-based,1,1,common,1,0.6356417554507163
734,model-free,0,0,common,0,0.44973705452691887
735,model-free,0,0,common,1,0.4343932791503742
736,model-free,1,0,rare,0,0.42003456065754846
737,model-free,1,1,common,0,0.6545488530286759
738,model-based,1,1,common,1,0.6622168502843067
739,model-free,0,0,common,0,0.39401878968379866
740,model-based,0,1,rare,1,0.6680364592457086
741,model-based,1,0,rare,0,0.4213675908640456
742,model-based,0,1,rare,0,0.6761161951267961
743,model-free,1,0,rare,1,0.40849925328193737
744,model-free,1,1,common,1,0.7052731611716783
745,model-free,1,1,common,1,0.6843746814042764
746,model-based,1,1,common,0,0.6856222225336066
747,model-free,1,1,common,0,0.714825278614943
748,model-free,1,1,common,1,0.75
749,model-based,1,1,common,0,0.75
750,model-based,1,1,common,1,0.75
751,model-based,1,1,common,1,0.75
752,model-based,1,1,common,1,0.7331704336191861
753,model-free,1,1,common,0,0.705397730430716
754,model-based,1,1,common,1,0.744342884835893
755,model-free,0,0,common,0,0.5110736907083792
756,model-free,1,0,rare,0,0.46919840832330806
757,model-based,1,1,common,1,0.75
758,model-free,1,1,common,1,0.75
759,model-free,1,1,common,1,0.7284201111527142
760,model-free,1,1,common,1,0.7374550591024268
761,model-based,1,1,common,1,0.730552980688018
762,model-based,1,0,rare,0,0.399490626601573
763,model-based,1,0,rare,0,0.3288243795903487
764,model-free,0,1,rare,1,0.6933183458724406
765,model-based,0,0,common,0,0.26296519866203383
766,model-based,0,0,common,0,0.25
767,model-free,1,1,common,0,0.6085366860231199
768,model-based,0,0,common,0,0.25
769,model-based,0,1,rare,1,0.6078171105530112
770,model-based,1,1,common,1,0.6325729978412457
771,model-free,1,1,common,0,0.6734663059374003
772,model-based,0,1,rare,1,0.679248978430858
773,model-free,0,0,common,0,0.2643165516311921
774,model-free,1,1,common,1,0.7432531459599929
775,model-based,1,1,common,0,0.7054737016129805
776,model-based,0,1,rare,0,0.7111019650333611
777,model-free,0,0,common,0,0.25
778,model-free,0,1,rare,1,0.69419237958342
779,model-based,1,1,common,1,0.6833938984852451
780,model-based,1,1,common,0,0.6745869569748795
781,model-based,1,1,common,1,0.6536960640078165
782,model-based,1,1,common,0,0.6202929295762827
783,model-based,1,1,common,0,0.5816934622108234
784,model-based,1,0,rare,0,0.26417518275076257
785,model-free,0,0,common,0,0.25905684882379126
786,model-based,1,0,rare,0,0.2879722288561199
787,model-free,0,1,rare,1,0.5952121785295579
788,model-free,0,0,common,1,0.25
789,model-based,1,1,common,1,0.5634368667334321
790,model-based,1,0,rare,0,0.2616270245222831
791,model-based,1,1,common,1,0.5228564035864253
792,model-based,1,1,common,1,0.5414916468386048
793,model-free,1,0,rare,0,0.29282108883294133
794,model-free,0,1,rare,0,0.4957368267292751
795,model-based,0,0,common,0,0.30385694104048333
796,model-based,1,1,common,0,0.5023281584608068
797,model-based,0,0,common,0,0.2808431040435927
798,model-based,1,1,common,1,0.5349332032237523
799,model-free,1,1,common,1,0.5130860877101154
800,model-based,0,0,common,0,0.27844383101233094
801,model-based,1,0,rare,0,0.2840770131131526
802,model-based,1,1,common,0,0.48550642840389935
803,model-free,1,0,rare,0,0.34064484960674274
804,model-based,1,0,rare,0,0.37053031312406337
805,model-based,1,0,rare,1,0.3655802183756053
806,model-free,1,0,rare,1,0.37469155799075093
807,model-free,0,0,common,1,0.3791378187896473
808,model-free,0,0,common,1,0.3685264068887209
809,model-based,0,1,rare,1,0.5196741357892876
810,model-based,0,1,rare,0,0.5435933380226312
811,model-free,1,0,rare,0,0.4625276363647278
812,model-based,1,1,common,1,0.519976869473666
813,model-free,1,1,common,0,0.49728805167855206
814,model-based,0,0,common,1,0.5170708829637144
815,model-based,0,0,common,1,0.5550764805479964
816,model-based,0,0,common,1,0.5582410943250301
817,model-based,0,0,common,1,0.5920677402316492
818,model-free,0,0,common,0,0.6020247734624002
819,model-free,0,0,common,1,0.5752818668907578
820,model-free,0,0,common,1,0.5891338183275422
821,model-free,0,0,common,1,0.5845940003734176
822,model-based,0,0,common,0,0.5887148963210869
823,model-based,0,0,common,1,0.5952343008237707
824,model-based,0,0,common,0,0.6478835949070134
825,model-based,1,1,common,0,0.6001210780078737
826,model-based,0,0,common,1,0.646234590271239
827,model-based,0,0,common,0,0.6612439411029895
828,model-free,1,0,rare,1,0.6599442962197827
829,model-based,1,1,common,0,0.5789648188642795
830,model-based,0,0,common,1,0.6685323780325042
831,model-free,0,0,common,0,0.6562637801054279
832,model-based,1,1,common,1,0.5931009743330956
833,model-free,1,0,rare,1,0.6708062298293792
834,model-based,0,0,common,0,0.6654259283797455
835,model-based,0,1,rare,0,0.5966562016070749
836,model-based,0,0,common,1,0.6034376929445493
837,model-free,0,0,common,0,0.5883457351253183
838,model-free,1,1,common,0,0.6033771304411921
839,model-based,1,1,common,1,0.601916912060652
840,model-based,1,1,common,1,0.6751759382140293
841,model-based,1,0,rare,1,0.6148173917437325
842,model-free,1,0,rare,1,0.6150587143925208
843,model-free,1,0,rare,1,0.6623340831026249
844,model-based,0,0,common,1,0.689798330818734
845,model-based,1,0,rare,1,0.6599505157536609
846,model-based,1,1,common,0,0.600095024918243
847,model-free,1,1,common,1,0.6265201325894421
848,model-based,1,1,common,1,0.5921058665753547
849,model-based,0,0,common,1,0.6535711823895711
850,model-based,0,0,common,0,0.6401479981042867
851,model-free,1,0,rare,1,0.6056139345331861
852,model-free,1,1,common,0,0.5733521710954168
853,model-based,0,0,common,0,0.6228459750026104
854,model-based,0,0,common,0,0.5894747682229411
855,model-free,0,1,rare,1,0.5963769705154978
856,model-free,0,0,common,0,0.6515469291686868
857,model-based,1,1,common,0,0.5822537402701473
858,model-free,0,0,common,0,0.6169088555591841
859,model-free,0,0,common,0,0.6340375448249984
860,model-free,1,1,common,1,0.6468320007537549
861,model-based,0,0,common,0,0.6024064086153199
862,model-based,0,0,common,1,0.6165063638490644
863,model-based,0,0,common,1,0.606352910612471
864,model-free,0,0,common,1,0.5915900573645875
865,model-free,0,0,common,0,0.5831393666176573
866,model-free,1,1,common,1,0.6376871563662434
867,model-based,1,1,common,1,0.7011793030008593
868,model-based,1,1,common,0,0.7249070532153368
869,model-free,1,1,common,0,0.7156056515286413
870,model-based,1,1,common,1,0.7455660796769837
871,model-based,1,1,common,0,0.7079827406325693
872,model-based,0,0,common,1,0.4723443751967133
873,model-free,1,0,rare,1,0.42712923531809377
874,model-based,0,0,common,0,0.40403377449661215
875,model-based,0,0,common,0,0.4335222108469895
876,model-free,0,0,common,1,0.40442351418451716
877,model-free,1,1,common,1,0.7384336101272059
878,model-free,1,1,common,1,0.7407116809692841
879,model-free,1,0,rare,1,0.41522429457893706
880,model-free,1,0,rare,0,0.4063402534172427
881,model-based,1,1,common,1,0.75
882,model-based,1,1,common,1,0.7276364668057675
883,model-free,1,1,common,0,0.7054566877702607
884,model-based,0,0,common,0,0.39031472887809254
885,model-based,0,0,common,0,0.33619963713524864
886,model-based,1,1,common,1,0.6105823267329715
887,model-free,0,1,rare,1,0.6124714267820556
888,model-based,1,0,rare,0,0.2997081534630988
889,model-free,1,1,common,0,0.5698599564383597
890,model-free,0,0,common,0,0.2781972697656022
891,model-free,1,1,common,1,0.5371292567983643
892,model-free,1,0,rare,0,0.2623799578922806
893,model-based,1,1,common,0,0.5432125049641843
894,model-free,0,0,common,0,0.26323106242818134
895,model-based,0,0,common,0,0.2734982571779673
896,model-based,1,1,common,0,0.5781418958555904
897,model-based,1,1,common,1,0.5886638176631943
898,model-based,1,0,rare,0,0.2578398844823457
899,model-free,1,1,common,0,0.6276481044646149
900,model-free,1,1,common,1,0.6020278331220342
901,model-free,1,1,common,0,0.5705683423637591
902,model-free,1,0,rare,0,0.25
903,model-free,0,0,common,0,0.27582664500925413
904,model-based,1,1,common,1,0.507032466916872
905,model-free,1,1,common,1,0.49480105724138346
906,model-based,1,1,common,0,0.469289529500681
907,model-based,0,0,common,0,0.276145612419716
908,model-free,0,1,rare,0,0.4696475147383175
909,model-free,1,1,common,0,0.42977793173591056
910,model-based,0,0,common,0,0.32948306340745187
911,model-based,1,1,common,0,0.4117859844537976
912,model-free,1,1,common,0,0.3849252844101988
913,model-based,0,0,common,0,0.2825789091327517
914,model-free,1,0,rare,1,0.2615406171607988
915,model-free,1,1,common,1,0.38759412974022706
916,model-based,0,0,common,0,0.2550133825757229
917,model-free,0,0,common,0,0.25
918,model-free,1,1,common,0,0.3726047599211765
919,model-free,1,1,common,1,0.36014626950843776
920,model-free,1,1,common,0,0.3995574699166229
921,model-based,1,1,common,0,0.38004170599979414
922,model-based,1,1,common,1,0.3866032642716366
923,model-free,1,0,rare,0,0.25
924,model-free,0,0,common,0,0.2699881079206276
925,model-based,1,1,common,1,0.43244127572782254
926,model-free,1,1,common,0,0.4248861616735423
927,model-based,1,1,common,1,0.38537051440743236
928,model-free,1,0,rare,0,0.342633554568427
929,model-based,0,1,rare,1,0.4275633273149698
930,model-based,0,0,common,0,0.3944448621611298
931,model-based,1,0,rare,0,0.3951379529034143
932,model-based,1,1,common,1,0.4557940069841285
933,model-based,1,1,common,0,0.4585771805417494
934,model-based,1,0,rare,1,0.4356335901748958
935,model-free,1,0,rare,1,0.4742611447633195
936,model-based,1,1,common,1,0.34909209891992404
937,model-based,1,1,common,0,0.3743698723789328
938,model-based,1,1,common,0,0.38375622863863657
939,model-based,0,0,common,0,0.4927016472957688
940,model-free,0,0,common,0,0.454026468994195
941,model-free,0,0,common,0,0.46802352014950727
942,model-free,0,0,common,0,0.4983255704933138
943,model-based,0,1,rare,0,0.4463834394464311
944,model-based,0,0,common,1,0.49135546614118647
945,model-based,0,0,common,1,0.4847626402114584
946,model-based,0,0,common,1,0.5384302941412529
947,model-based,1,1,common,0,0.5076758121155921
948,model-free,1,0,rare,1,0.4988883203196982
949,model-free,0,0,common,1,0.48626213116144074
950,model-based,0,0,common,0,0.5126376971901765
951,model-based,0,0,common,0,0.5048723199003936
952,model-free,0,0,common,1,0.4896734302317308
953,model-free,1,1,common,0,0.43866472758342767
954,model-free,1,0,rare,1,0.5292511334396158
955,model-based,0,0,common,1,0.544395911687564
956,model-based,0,0,common,0,0.48271688752198416
957,model-based,0,0,common,1,0.44468711792732
958,model-based,0,0,common,0,0.5014005532841768
959,model-based,1,0,rare,0,0.4773972307240114
960,model-free,0,0,common,1,0.5070473793896668
961,model-free,0,0,common,0,0.5218802063981987
962,model-based,0,0,common,0,0.5881421197821403
963,model-based,0,0,common,0,0.582182850404165
964,model-free,0,0,common,1,0.5719658760149855
965,model-free,0,1,rare,0,0.4546362837051493
966,model-based,0,0,common,1,0.5672390692886069
967,model-free,0,1,rare,1,0.4756246912473696
968,model-based,1,1,common,1,0.50992552471622
969,model-based,0,1,rare,1,0.4757971665343218
970,model-free,0,0,common,1,0.5787880156788892
971,model-free,0,0,common,1,0.546796670043405
972,model-based,0,1,rare,0,0.5188620562834173
973,model-based,0,0,common,0,0.6390620300685056
974,model-based,1,0,rare,1,0.6343447503973021
975,model-based,1,1,common,1,0.5427550705390876
976,model-free,0,1,rare,0,0.5171927792842365
977,model-based,0,0,common,0,0.6623575761942812
978,model-based,0,0,common,0,0.6500870019375294
979,model-based,0,0,common,0,0.6122713714835771
980,model-based,1,1,common,0,0.5588420513008624
981,model-based,1,1,common,0,0.5538486525133267
982,model-based,0,0,common,0,0.6828516067559978
983,model-free,0,0,common,0,0.666803375088479
984,model-based,0,0,common,1,0.6160735326304412
985,model-based,1,1,common,0,0.5352175105461403
986,model-based,0,1,rare,0,0.565674178860451
987,model-free,0,1,rare,1,0.5828755867045328
988,model-based,1,1,common,0,0.5786793755243492
989,model-based,1,1,common,0,0.5792963060996167
990,model-free,0,0,common,1,0.5335766885443436
991,model-based,0,1,rare,1,0.6154083605753154
992,model-based,0,0,common,1,0.5661161857517393
993,model-free,0,0,common,1,0.5304658615974708
994,model-based,1,0,rare,0,0.5199128945225288
995,model-free,0,0,common,1,0.47930215719083613
996,model-free,0,0,common,0,0.461828594645652
997,model-free,0,0,common,0,0.4513166794710135
998,model-based,0,1,rare,0,0.6391101709178275
999,model-based,0,0,common,1,0.415192998219409
1000,model-based,1,0,rare,0,0.45105001119695465
